<?xml version='1.0' encoding='UTF-8' standalone='no'?>
<doxygen xmlns:xsi="http://www.w3.org/2001/XMLSchema-instance" xsi:noNamespaceSchemaLocation="compound.xsd" version="1.8.13">
  <compounddef id="cola_8h" kind="file" language="C++">
    <compoundname>cola.h</compoundname>
    <includes local="no">cassert</includes>
    <includes local="yes">../src/cola.cpp</includes>
    <includes local="yes">cola.h</includes>
    <includedby refid="pila__max_8h" local="yes">pila_max.h</includedby>
    <incdepgraph>
      <node id="1">
        <label>cassert</label>
      </node>
      <node id="2">
        <label>../src/cola.cpp</label>
      </node>
      <node id="3">
        <label>cola.h</label>
      </node>
      <node id="0">
        <label>cola.h</label>
        <link refid="cola_8h"/>
        <childnode refid="1" relation="include">
        </childnode>
        <childnode refid="2" relation="include">
        </childnode>
        <childnode refid="3" relation="include">
        </childnode>
      </node>
    </incdepgraph>
    <invincdepgraph>
      <node id="4">
        <label>cola.h</label>
        <link refid="cola_8h"/>
        <childnode refid="5" relation="include">
        </childnode>
      </node>
      <node id="5">
        <label>pila_max.h</label>
        <link refid="pila__max_8h"/>
      </node>
    </invincdepgraph>
    <innerclass refid="classCola" prot="public">Cola</innerclass>
    <innerclass refid="structCola_1_1Celda" prot="private">Cola::Celda</innerclass>
    <briefdescription>
<para>Fichero cabecera del TDA <ref refid="classCola" kindref="compound">Cola</ref>. </para>    </briefdescription>
    <detaileddescription>
<para>Gestiona una secuencia de elementos con facilidades para la inserción y borrado de elementos en un extremo </para>    </detaileddescription>
    <programlisting>
<codeline lineno="1"></codeline>
<codeline lineno="9"><highlight class="preprocessor">#ifndef<sp/>__Cola_H__</highlight><highlight class="normal"></highlight></codeline>
<codeline lineno="10"><highlight class="normal"></highlight><highlight class="preprocessor">#define<sp/>__Cola_H__</highlight><highlight class="normal"></highlight></codeline>
<codeline lineno="11"><highlight class="normal"></highlight></codeline>
<codeline lineno="12"><highlight class="normal"></highlight><highlight class="preprocessor">#include<sp/>&lt;cassert&gt;</highlight><highlight class="normal"></highlight></codeline>
<codeline lineno="13"><highlight class="normal"></highlight></codeline>
<codeline lineno="44"><highlight class="keyword">template</highlight><highlight class="normal"><sp/>&lt;</highlight><highlight class="keyword">class</highlight><highlight class="normal"><sp/>T&gt;</highlight></codeline>
<codeline lineno="45" refid="classCola" refkind="compound"><highlight class="normal"></highlight><highlight class="keyword">class<sp/></highlight><highlight class="normal"><ref refid="classCola" kindref="compound">Cola</ref>{</highlight></codeline>
<codeline lineno="46"><highlight class="normal"><sp/><sp/><sp/><sp/></highlight></codeline>
<codeline lineno="47"><highlight class="normal"><sp/><sp/></highlight><highlight class="keyword">private</highlight><highlight class="normal">:</highlight></codeline>
<codeline lineno="48"><highlight class="normal"><sp/><sp/><sp/><sp/></highlight><highlight class="keyword">struct<sp/></highlight><highlight class="normal">Celda<sp/>{<sp/><sp/><sp/><sp/><sp/><sp/><sp/></highlight></codeline>
<codeline lineno="49"><highlight class="normal"><sp/><sp/><sp/><sp/><sp/><sp/>T<sp/>elemento;<sp/><sp/><sp/><sp/><sp/><sp/><sp/><sp/></highlight></codeline>
<codeline lineno="50"><highlight class="normal"><sp/><sp/><sp/><sp/><sp/><sp/>Celda<sp/>*<sp/>siguiente;<sp/></highlight></codeline>
<codeline lineno="51"><highlight class="normal"></highlight></codeline>
<codeline lineno="55"><highlight class="normal"><sp/><sp/><sp/><sp/><sp/><sp/>Celda()<sp/>:<sp/>siguiente(0){</highlight></codeline>
<codeline lineno="56"><highlight class="normal"><sp/><sp/><sp/><sp/><sp/><sp/>}</highlight></codeline>
<codeline lineno="62"><highlight class="normal"><sp/><sp/><sp/><sp/><sp/><sp/>Celda(</highlight><highlight class="keyword">const</highlight><highlight class="normal"><sp/>T<sp/>&amp;<sp/>elem,<sp/>Celda<sp/>*<sp/>sig):<sp/>elemento(elem),<sp/>siguiente(sig){</highlight></codeline>
<codeline lineno="63"><highlight class="normal"><sp/><sp/><sp/><sp/><sp/><sp/>}</highlight></codeline>
<codeline lineno="64"><highlight class="normal"><sp/><sp/><sp/><sp/>};</highlight></codeline>
<codeline lineno="65"><highlight class="normal"></highlight></codeline>
<codeline lineno="66"><highlight class="normal"><sp/><sp/><sp/><sp/>Celda<sp/>*<sp/>primera;<sp/></highlight></codeline>
<codeline lineno="67"><highlight class="normal"><sp/><sp/><sp/><sp/>Celda<sp/>*<sp/>ultima;<sp/><sp/></highlight></codeline>
<codeline lineno="68"><highlight class="normal"><sp/><sp/><sp/><sp/></highlight><highlight class="keywordtype">int</highlight><highlight class="normal"><sp/>num_elem;<sp/><sp/><sp/><sp/></highlight></codeline>
<codeline lineno="69"><highlight class="normal"><sp/><sp/><sp/><sp/></highlight></codeline>
<codeline lineno="70"><highlight class="normal"><sp/><sp/></highlight><highlight class="keyword">public</highlight><highlight class="normal">:</highlight></codeline>
<codeline lineno="71"><highlight class="normal"><sp/><sp/><sp/><sp/></highlight><highlight class="comment">//<sp/>---------------<sp/><sp/>Constructores<sp/>----------------</highlight></codeline>
<codeline lineno="75" refid="classCola_1aea3a971c7c522618f4dc972e8b4ff153" refkind="member"><highlight class="comment"></highlight><highlight class="normal"><sp/><sp/><sp/><sp/><ref refid="classCola_1aea3a971c7c522618f4dc972e8b4ff153" kindref="member">Cola</ref>():<sp/>primera(0),<sp/>ultima(0),<sp/>num_elem(0){</highlight></codeline>
<codeline lineno="76"><highlight class="normal"><sp/><sp/><sp/><sp/>}</highlight></codeline>
<codeline lineno="81"><highlight class="normal"><sp/><sp/><sp/><sp/><ref refid="classCola_1aea3a971c7c522618f4dc972e8b4ff153" kindref="member">Cola</ref>(</highlight><highlight class="keyword">const</highlight><highlight class="normal"><sp/><ref refid="classCola" kindref="compound">Cola&lt;T&gt;</ref><sp/>&amp;<sp/>original);</highlight></codeline>
<codeline lineno="82"><highlight class="normal"><sp/><sp/><sp/><sp/></highlight><highlight class="comment">//<sp/>------------------<sp/>Destructor<sp/>------------------</highlight></codeline>
<codeline lineno="86"><highlight class="comment"></highlight><highlight class="normal"><sp/><sp/><sp/><sp/><ref refid="classCola_1af4d55930921c93c626006ba2e842530b" kindref="member">~Cola</ref>();</highlight></codeline>
<codeline lineno="87"><highlight class="normal"><sp/><sp/><sp/><sp/></highlight><highlight class="comment">//<sp/>---------------<sp/>Otras<sp/>funciones<sp/>---------------</highlight></codeline>
<codeline lineno="92"><highlight class="comment"></highlight><highlight class="normal"><sp/><sp/><sp/><sp/><ref refid="classCola" kindref="compound">Cola</ref>&amp;<sp/><ref refid="classCola_1a60c90eb3c3c49860e9bd1a39c370eba5" kindref="member">operator= </ref>(</highlight><highlight class="keyword">const</highlight><highlight class="normal"><sp/><ref refid="classCola" kindref="compound">Cola&lt;T&gt;</ref><sp/>&amp;<sp/>otra);</highlight></codeline>
<codeline lineno="96" refid="classCola_1a2c746a66289cd4f90d4e43f712b72fb6" refkind="member"><highlight class="normal"><sp/><sp/><sp/><sp/></highlight><highlight class="keywordtype">bool</highlight><highlight class="normal"><sp/><ref refid="classCola_1a2c746a66289cd4f90d4e43f712b72fb6" kindref="member">vacia</ref>()</highlight><highlight class="keyword"><sp/>const</highlight><highlight class="normal">{</highlight></codeline>
<codeline lineno="97"><highlight class="normal"><sp/><sp/><sp/><sp/><sp/><sp/></highlight><highlight class="keywordflow">return</highlight><highlight class="normal"><sp/>num_elem==0;</highlight></codeline>
<codeline lineno="98"><highlight class="normal"><sp/><sp/><sp/><sp/>}</highlight></codeline>
<codeline lineno="102" refid="classCola_1a1df4ad2b50116ef22e77ad3f77b02d29" refkind="member"><highlight class="normal"><sp/><sp/><sp/><sp/>T&amp;<sp/><ref refid="classCola_1a1df4ad2b50116ef22e77ad3f77b02d29" kindref="member">frente</ref><sp/>(){</highlight></codeline>
<codeline lineno="103"><highlight class="normal"><sp/><sp/><sp/><sp/><sp/><sp/>assert(primera!=0);<sp/><sp/><sp/><sp/><sp/><sp/><sp/><sp/></highlight><highlight class="comment">//Si<sp/>la<sp/>cola<sp/>está<sp/>vacía,<sp/>abortar</highlight><highlight class="normal"></highlight></codeline>
<codeline lineno="104"><highlight class="normal"><sp/><sp/><sp/><sp/><sp/><sp/></highlight><highlight class="keywordflow">return</highlight><highlight class="normal"><sp/>primera-&gt;elemento;<sp/><sp/></highlight><highlight class="comment">//Devuelve<sp/>el<sp/>elemento<sp/>del<sp/>frente<sp/>de<sp/>la<sp/>cola</highlight><highlight class="normal"></highlight></codeline>
<codeline lineno="105"><highlight class="normal"><sp/><sp/><sp/><sp/>}</highlight></codeline>
<codeline lineno="109" refid="classCola_1abd603daab25efd7131049f98ea09c175" refkind="member"><highlight class="normal"><sp/><sp/><sp/><sp/></highlight><highlight class="keyword">const</highlight><highlight class="normal"><sp/>T<sp/>&amp;<sp/><ref refid="classCola_1abd603daab25efd7131049f98ea09c175" kindref="member">frente</ref><sp/>()</highlight><highlight class="keyword"><sp/>const</highlight><highlight class="normal">{</highlight></codeline>
<codeline lineno="110"><highlight class="normal"><sp/><sp/><sp/><sp/><sp/><sp/>assert(primera!=0);<sp/><sp/><sp/><sp/><sp/><sp/><sp/><sp/></highlight><highlight class="comment">//Si<sp/>la<sp/>cola<sp/>está<sp/>vacía,<sp/>abortar</highlight><highlight class="normal"></highlight></codeline>
<codeline lineno="111"><highlight class="normal"><sp/><sp/><sp/><sp/><sp/><sp/></highlight><highlight class="keywordflow">return</highlight><highlight class="normal"><sp/>primera-&gt;elemento;<sp/><sp/></highlight><highlight class="comment">//Devuelve<sp/>el<sp/>elemento<sp/>del<sp/>frente<sp/>de<sp/>la<sp/>cola</highlight><highlight class="normal"></highlight></codeline>
<codeline lineno="112"><highlight class="normal"><sp/><sp/><sp/><sp/>}</highlight></codeline>
<codeline lineno="117"><highlight class="normal"><sp/><sp/><sp/><sp/></highlight><highlight class="keywordtype">void</highlight><highlight class="normal"><sp/><ref refid="classCola_1a4a902e5805ae74f8d80c6f3267fd14c4" kindref="member">poner</ref>(</highlight><highlight class="keyword">const</highlight><highlight class="normal"><sp/>T<sp/>&amp;<sp/>elem);</highlight></codeline>
<codeline lineno="121"><highlight class="normal"><sp/><sp/><sp/><sp/></highlight><highlight class="keywordtype">void</highlight><highlight class="normal"><sp/><ref refid="classCola_1a320766ddc7020424052c99e5c82a105d" kindref="member">quitar</ref>();</highlight></codeline>
<codeline lineno="125" refid="classCola_1a26e5b0df5411aa23114d790f0a8c023b" refkind="member"><highlight class="normal"><sp/><sp/><sp/><sp/></highlight><highlight class="keywordtype">int</highlight><highlight class="normal"><sp/><ref refid="classCola_1a26e5b0df5411aa23114d790f0a8c023b" kindref="member">num_elementos</ref>()</highlight><highlight class="keyword"><sp/>const</highlight><highlight class="normal">{<sp/></highlight></codeline>
<codeline lineno="126"><highlight class="normal"><sp/><sp/><sp/><sp/><sp/><sp/></highlight><highlight class="keywordflow">return</highlight><highlight class="normal"><sp/>num_elem;<sp/></highlight></codeline>
<codeline lineno="127"><highlight class="normal"><sp/><sp/><sp/><sp/>}</highlight></codeline>
<codeline lineno="128"><highlight class="normal">};</highlight></codeline>
<codeline lineno="129"><highlight class="normal"></highlight></codeline>
<codeline lineno="130"><highlight class="normal"></highlight><highlight class="preprocessor">#include<sp/>&quot;../src/cola.cpp&quot;</highlight><highlight class="normal"></highlight></codeline>
<codeline lineno="131"><highlight class="normal"></highlight></codeline>
<codeline lineno="132"><highlight class="normal"></highlight><highlight class="preprocessor">#endif<sp/>//<sp/>__Cola_H__</highlight></codeline>
    </programlisting>
    <location file="cola.h"/>
  </compounddef>
</doxygen>
