<?xml version='1.0' encoding='UTF-8' standalone='no'?>
<doxygen xmlns:xsi="http://www.w3.org/2001/XMLSchema-instance" xsi:noNamespaceSchemaLocation="compound.xsd" version="1.8.13">
  <compounddef id="pila__max_8h" kind="file" language="C++">
    <compoundname>pila_max.h</compoundname>
    <includes refid="cola_8h" local="yes">cola.h</includes>
    <includes refid="pareja_8h" local="yes">pareja.h</includes>
    <includes local="no">cassert</includes>
    <incdepgraph>
      <node id="12">
        <label>cassert</label>
      </node>
      <node id="13">
        <label>../src/cola.cpp</label>
      </node>
      <node id="14">
        <label>cola.h</label>
      </node>
      <node id="15">
        <label>pareja.h</label>
        <link refid="pareja_8h_source"/>
        <childnode refid="16" relation="include">
        </childnode>
      </node>
      <node id="16">
        <label>iostream</label>
      </node>
      <node id="11">
        <label>cola.h</label>
        <link refid="cola_8h"/>
        <childnode refid="12" relation="include">
        </childnode>
        <childnode refid="13" relation="include">
        </childnode>
        <childnode refid="14" relation="include">
        </childnode>
      </node>
      <node id="10">
        <label>pila_max.h</label>
        <link refid="pila__max_8h"/>
        <childnode refid="11" relation="include">
        </childnode>
        <childnode refid="15" relation="include">
        </childnode>
        <childnode refid="12" relation="include">
        </childnode>
      </node>
    </incdepgraph>
    <innerclass refid="classPila__max" prot="public">Pila_max</innerclass>
    <briefdescription>
<para>Fichero cabecera del TDA Pila max. </para>    </briefdescription>
    <detaileddescription>
<para>Gestiona una secuencia de elementos con facilidades para la inserción y borrado de elementos en un extremo. </para>    </detaileddescription>
    <programlisting>
<codeline lineno="1"></codeline>
<codeline lineno="10"><highlight class="preprocessor">#ifndef<sp/>__Pila_max_H__</highlight><highlight class="normal"></highlight></codeline>
<codeline lineno="11"><highlight class="normal"></highlight><highlight class="preprocessor">#define<sp/>__Pila_max_H__</highlight><highlight class="normal"></highlight></codeline>
<codeline lineno="12"><highlight class="normal"></highlight></codeline>
<codeline lineno="13"><highlight class="normal"></highlight><highlight class="preprocessor">#include<sp/>&quot;<ref refid="cola_8h" kindref="compound">cola.h</ref>&quot;</highlight><highlight class="normal"></highlight></codeline>
<codeline lineno="14"><highlight class="normal"></highlight><highlight class="preprocessor">#include<sp/>&quot;pareja.h&quot;</highlight><highlight class="normal"></highlight></codeline>
<codeline lineno="15"><highlight class="normal"></highlight><highlight class="preprocessor">#include<sp/>&lt;cassert&gt;</highlight><highlight class="normal"></highlight></codeline>
<codeline lineno="16"><highlight class="normal"></highlight></codeline>
<codeline lineno="48" refid="classPila__max" refkind="compound"><highlight class="keyword">class<sp/></highlight><highlight class="normal"><ref refid="classPila__max" kindref="compound">Pila_max</ref><sp/>{</highlight></codeline>
<codeline lineno="49"><highlight class="normal"></highlight></codeline>
<codeline lineno="50"><highlight class="normal"><sp/><sp/><sp/><sp/></highlight><highlight class="keyword">private</highlight><highlight class="normal">:</highlight></codeline>
<codeline lineno="51"><highlight class="normal"></highlight></codeline>
<codeline lineno="52"><highlight class="normal"><sp/><sp/><sp/><sp/><sp/><sp/><sp/><sp/><ref refid="classCola" kindref="compound">Cola&lt;Pareja&gt;</ref><sp/>elementos;<sp/></highlight></codeline>
<codeline lineno="53"><highlight class="normal"><sp/><sp/><sp/><sp/><sp/><sp/><sp/><sp/></highlight><highlight class="keywordtype">int</highlight><highlight class="normal"><sp/>maximo;<sp/><sp/><sp/><sp/><sp/><sp/><sp/><sp/><sp/><sp/><sp/><sp/><sp/></highlight></codeline>
<codeline lineno="54"><highlight class="normal"></highlight></codeline>
<codeline lineno="55"><highlight class="normal"><sp/><sp/><sp/><sp/></highlight><highlight class="keyword">public</highlight><highlight class="normal">:</highlight></codeline>
<codeline lineno="56"><highlight class="normal"></highlight></codeline>
<codeline lineno="57"><highlight class="normal"><sp/><sp/><sp/><sp/><sp/><sp/><sp/><sp/></highlight><highlight class="comment">//<sp/>--------------------<sp/>Constructores<sp/>--------------------<sp/>//</highlight></codeline>
<codeline lineno="63" refid="classPila__max_1ae615cbe816ccc0db7c08502ac5199f8f" refkind="member"><highlight class="comment"></highlight><highlight class="normal"><sp/><sp/><sp/><sp/><sp/><sp/><sp/><sp/><ref refid="classPila__max_1ae615cbe816ccc0db7c08502ac5199f8f" kindref="member">Pila_max</ref>()<sp/>{</highlight></codeline>
<codeline lineno="64"><highlight class="normal"><sp/><sp/><sp/><sp/><sp/><sp/><sp/><sp/><sp/><sp/><sp/><sp/>maximo<sp/>=<sp/>0;</highlight></codeline>
<codeline lineno="65"><highlight class="normal"><sp/><sp/><sp/><sp/><sp/><sp/><sp/><sp/>}</highlight></codeline>
<codeline lineno="66"><highlight class="normal"></highlight></codeline>
<codeline lineno="73"><highlight class="normal"><sp/><sp/><sp/><sp/><sp/><sp/><sp/><sp/><ref refid="classPila__max_1ae615cbe816ccc0db7c08502ac5199f8f" kindref="member">Pila_max</ref>(<sp/></highlight><highlight class="keyword">const</highlight><highlight class="normal"><sp/><ref refid="classPila__max" kindref="compound">Pila_max</ref><sp/>&amp;<sp/>original<sp/>);</highlight></codeline>
<codeline lineno="74"><highlight class="normal"></highlight></codeline>
<codeline lineno="75"><highlight class="normal"><sp/><sp/><sp/><sp/><sp/><sp/><sp/><sp/></highlight><highlight class="comment">//<sp/>--------------------<sp/>Destructor<sp/>--------------------<sp/>//</highlight></codeline>
<codeline lineno="81" refid="classPila__max_1a3fce223a88d6dfb8430ec9a6c331b232" refkind="member"><highlight class="comment"></highlight><highlight class="normal"><sp/><sp/><sp/><sp/><sp/><sp/><sp/><sp/><ref refid="classPila__max_1a3fce223a88d6dfb8430ec9a6c331b232" kindref="member">~Pila_max</ref>(){</highlight></codeline>
<codeline lineno="82"><highlight class="normal"><sp/><sp/><sp/><sp/><sp/><sp/><sp/><sp/><sp/><sp/><sp/><sp/>maximo<sp/>=<sp/>0;</highlight></codeline>
<codeline lineno="83"><highlight class="normal"><sp/><sp/><sp/><sp/><sp/><sp/><sp/><sp/>}</highlight></codeline>
<codeline lineno="84"><highlight class="normal"></highlight></codeline>
<codeline lineno="85"><highlight class="normal"><sp/><sp/><sp/><sp/><sp/><sp/><sp/><sp/></highlight><highlight class="comment">//<sp/>--------------------<sp/>Funciones<sp/>--------------------<sp/>//</highlight></codeline>
<codeline lineno="92"><highlight class="comment"></highlight><highlight class="normal"><sp/><sp/><sp/><sp/><sp/><sp/><sp/><sp/><ref refid="classPila__max" kindref="compound">Pila_max</ref><sp/>&amp;<sp/><ref refid="classPila__max_1a7dc0a7335a89655ef0475e72068a9e18" kindref="member">operator= </ref>(<sp/></highlight><highlight class="keyword">const</highlight><highlight class="normal"><sp/><ref refid="classPila__max" kindref="compound">Pila_max</ref><sp/>&amp;<sp/>otra<sp/>);</highlight></codeline>
<codeline lineno="93"><highlight class="normal"></highlight></codeline>
<codeline lineno="99"><highlight class="normal"><sp/><sp/><sp/><sp/><sp/><sp/><sp/><sp/></highlight><highlight class="keywordtype">bool</highlight><highlight class="normal"><sp/><ref refid="classPila__max_1a6aa534cdac52d5576d3e50807ef61a6a" kindref="member">empty</ref>()<sp/></highlight><highlight class="keyword">const</highlight><highlight class="normal">;</highlight></codeline>
<codeline lineno="100"><highlight class="normal"></highlight></codeline>
<codeline lineno="106"><highlight class="normal"><sp/><sp/><sp/><sp/><sp/><sp/><sp/><sp/></highlight><highlight class="keywordtype">int</highlight><highlight class="normal"><sp/><ref refid="classPila__max_1a9284959a34f28fbd177318b38b4195f6" kindref="member">size</ref>()<sp/></highlight><highlight class="keyword">const</highlight><highlight class="normal">;</highlight></codeline>
<codeline lineno="107"><highlight class="normal"></highlight></codeline>
<codeline lineno="113"><highlight class="normal"><sp/><sp/><sp/><sp/><sp/><sp/><sp/><sp/><ref refid="structPareja" kindref="compound">Pareja</ref><sp/><ref refid="classPila__max_1aab44a77298759a47fcf0aca8ddaf82b2" kindref="member">top</ref>();</highlight></codeline>
<codeline lineno="114"><highlight class="normal"></highlight></codeline>
<codeline lineno="120"><highlight class="normal"><sp/><sp/><sp/><sp/><sp/><sp/><sp/><sp/></highlight><highlight class="keyword">const</highlight><highlight class="normal"><sp/><ref refid="structPareja" kindref="compound">Pareja</ref><sp/>&amp;<sp/><ref refid="classPila__max_1aab44a77298759a47fcf0aca8ddaf82b2" kindref="member">top</ref>()<sp/></highlight><highlight class="keyword">const</highlight><highlight class="normal">;</highlight></codeline>
<codeline lineno="121"><highlight class="normal"></highlight></codeline>
<codeline lineno="128"><highlight class="normal"><sp/><sp/><sp/><sp/><sp/><sp/><sp/><sp/></highlight><highlight class="keywordtype">void</highlight><highlight class="normal"><sp/><ref refid="classPila__max_1a8fde31da92cd96e5def65d93e6623238" kindref="member">push</ref>(<sp/></highlight><highlight class="keyword">const</highlight><highlight class="normal"><sp/></highlight><highlight class="keywordtype">int</highlight><highlight class="normal"><sp/>&amp;<sp/>nuevo<sp/>);</highlight></codeline>
<codeline lineno="129"><highlight class="normal"></highlight></codeline>
<codeline lineno="135"><highlight class="normal"><sp/><sp/><sp/><sp/><sp/><sp/><sp/><sp/></highlight><highlight class="keywordtype">void</highlight><highlight class="normal"><sp/><ref refid="classPila__max_1aa149cba100c07ff6cae7de33277e8230" kindref="member">pop</ref>();</highlight></codeline>
<codeline lineno="136"><highlight class="normal"></highlight></codeline>
<codeline lineno="137"><highlight class="normal"><sp/><sp/><sp/><sp/><sp/><sp/><sp/><sp/></highlight><highlight class="keyword">friend</highlight><highlight class="normal"><sp/>ostream<sp/>&amp;<sp/>operator&lt;&lt;<sp/>(<sp/>ostream<sp/>&amp;<sp/>os,<sp/></highlight><highlight class="keyword">const</highlight><highlight class="normal"><sp/><ref refid="classPila__max" kindref="compound">Pila_max</ref><sp/>&amp;<sp/>p<sp/>);</highlight></codeline>
<codeline lineno="138"><highlight class="normal"></highlight></codeline>
<codeline lineno="139"><highlight class="normal">};</highlight></codeline>
<codeline lineno="140"><highlight class="normal"></highlight></codeline>
<codeline lineno="141"><highlight class="normal"></highlight></codeline>
<codeline lineno="142"><highlight class="normal"></highlight><highlight class="preprocessor">#endif<sp/>//<sp/>__Pila_max_H__</highlight></codeline>
    </programlisting>
    <location file="pila_max.h"/>
  </compounddef>
</doxygen>
