<?xml version='1.0' encoding='UTF-8' standalone='no'?>
<doxygen xmlns:xsi="http://www.w3.org/2001/XMLSchema-instance" xsi:noNamespaceSchemaLocation="compound.xsd" version="1.8.13">
  <compounddef id="pareja_8h" kind="file" language="C++">
    <compoundname>pareja.h</compoundname>
    <includes local="no">iostream</includes>
    <includes local="yes">../src/pareja.cpp</includes>
    <includes local="yes">pareja.h</includes>
    <includedby refid="pila__max_8h" local="yes">pila_max.h</includedby>
    <incdepgraph>
      <node id="9">
        <label>pareja.h</label>
      </node>
      <node id="7">
        <label>iostream</label>
      </node>
      <node id="6">
        <label>pareja.h</label>
        <link refid="pareja_8h"/>
        <childnode refid="7" relation="include">
        </childnode>
        <childnode refid="8" relation="include">
        </childnode>
        <childnode refid="9" relation="include">
        </childnode>
      </node>
      <node id="8">
        <label>../src/pareja.cpp</label>
      </node>
    </incdepgraph>
    <invincdepgraph>
      <node id="11">
        <label>pila_max.h</label>
        <link refid="pila__max_8h"/>
      </node>
      <node id="10">
        <label>pareja.h</label>
        <link refid="pareja_8h"/>
        <childnode refid="11" relation="include">
        </childnode>
      </node>
    </invincdepgraph>
    <innerclass refid="structPareja" prot="public">Pareja</innerclass>
    <innernamespace refid="namespacestd">std</innernamespace>
    <briefdescription>
    </briefdescription>
    <detaileddescription>
    </detaileddescription>
    <programlisting>
<codeline lineno="1"><highlight class="preprocessor">#ifndef<sp/>__PAREJA_H__</highlight><highlight class="normal"></highlight></codeline>
<codeline lineno="2"><highlight class="normal"></highlight><highlight class="preprocessor">#define<sp/>__PAREJA_H__</highlight><highlight class="normal"></highlight></codeline>
<codeline lineno="3"><highlight class="normal"></highlight></codeline>
<codeline lineno="4"><highlight class="normal"></highlight><highlight class="preprocessor">#include<sp/>&lt;iostream&gt;</highlight><highlight class="normal"></highlight></codeline>
<codeline lineno="5"><highlight class="normal"></highlight></codeline>
<codeline lineno="6"><highlight class="normal"></highlight><highlight class="keyword">using<sp/>namespace<sp/></highlight><highlight class="normal"><ref refid="namespacestd" kindref="compound">std</ref>;</highlight></codeline>
<codeline lineno="7"><highlight class="normal"></highlight></codeline>
<codeline lineno="8"><highlight class="normal"></highlight><highlight class="keyword">template</highlight><highlight class="normal"><sp/>&lt;</highlight><highlight class="keyword">class</highlight><highlight class="normal"><sp/>T&gt;</highlight></codeline>
<codeline lineno="9" refid="structPareja" refkind="compound"><highlight class="normal"></highlight><highlight class="keyword">struct<sp/></highlight><highlight class="normal"><ref refid="structPareja" kindref="compound">Pareja</ref><sp/>{</highlight></codeline>
<codeline lineno="10"><highlight class="normal"><sp/><sp/><sp/><sp/>T<sp/>elemento;</highlight></codeline>
<codeline lineno="11"><highlight class="normal"><sp/><sp/><sp/><sp/>T<sp/>maximo;</highlight></codeline>
<codeline lineno="12"><highlight class="normal"></highlight></codeline>
<codeline lineno="13"><highlight class="normal"><sp/><sp/><sp/><sp/><ref refid="structPareja" kindref="compound">Pareja</ref>()<sp/>:<sp/>elemento(0),<sp/>maximo(0)<sp/>{</highlight></codeline>
<codeline lineno="14"><highlight class="normal"><sp/><sp/><sp/><sp/>}</highlight></codeline>
<codeline lineno="15"><highlight class="normal"></highlight></codeline>
<codeline lineno="16"><highlight class="normal"><sp/><sp/><sp/><sp/><ref refid="structPareja" kindref="compound">Pareja</ref>(<sp/></highlight><highlight class="keyword">const</highlight><highlight class="normal"><sp/>T<sp/>&amp;<sp/>elem,<sp/></highlight><highlight class="keyword">const</highlight><highlight class="normal"><sp/>T<sp/>&amp;<sp/>max<sp/>);</highlight></codeline>
<codeline lineno="17"><highlight class="normal"></highlight></codeline>
<codeline lineno="18"><highlight class="normal"><sp/><sp/><sp/><sp/><ref refid="structPareja" kindref="compound">Pareja&lt;T&gt;</ref><sp/>&amp;<sp/>operator=<sp/>(<sp/></highlight><highlight class="keyword">const</highlight><highlight class="normal"><sp/><ref refid="structPareja" kindref="compound">Pareja&lt;T&gt;</ref><sp/>&amp;<sp/>otra<sp/>);</highlight></codeline>
<codeline lineno="19"><highlight class="normal"></highlight></codeline>
<codeline lineno="20"><highlight class="normal"><sp/><sp/><sp/><sp/></highlight><highlight class="keyword">template</highlight><highlight class="normal"><sp/>&lt;</highlight><highlight class="keyword">class</highlight><highlight class="normal"><sp/>U&gt;</highlight></codeline>
<codeline lineno="21"><highlight class="normal"><sp/><sp/><sp/><sp/></highlight><highlight class="keyword">friend</highlight><highlight class="normal"><sp/>ostream<sp/>&amp;<sp/>operator&lt;&lt;<sp/>(<sp/>ostream<sp/>&amp;<sp/>os,<sp/>const<sp/>Pareja&lt;U&gt;<sp/>&amp;<sp/>p<sp/>);</highlight></codeline>
<codeline lineno="22"><highlight class="normal">};</highlight></codeline>
<codeline lineno="23"><highlight class="normal"></highlight></codeline>
<codeline lineno="24"><highlight class="normal"></highlight><highlight class="preprocessor">#include<sp/>&quot;../src/pareja.cpp&quot;</highlight><highlight class="normal"></highlight></codeline>
<codeline lineno="25"><highlight class="normal"></highlight></codeline>
<codeline lineno="26"><highlight class="normal"></highlight><highlight class="preprocessor">#endif</highlight></codeline>
    </programlisting>
    <location file="pareja.h"/>
  </compounddef>
</doxygen>
