<?xml version='1.0' encoding='UTF-8' standalone='no'?>
<doxygen xmlns:xsi="http://www.w3.org/2001/XMLSchema-instance" xsi:noNamespaceSchemaLocation="compound.xsd" version="1.8.13">
  <compounddef id="pila__max_8h" kind="file" language="C++">
    <compoundname>pila_max.h</compoundname>
    <includes refid="cola_8h" local="yes">cola.h</includes>
    <includes refid="pareja_8h" local="yes">pareja.h</includes>
    <includes local="no">cassert</includes>
    <includes local="yes">../src/pila_max.cpp</includes>
    <includes local="no">iostream</includes>
    <includes local="yes">pila_max.h</includes>
    <incdepgraph>
      <node id="20">
        <label>pareja.h</label>
      </node>
      <node id="14">
        <label>cassert</label>
      </node>
      <node id="15">
        <label>../src/cola.cpp</label>
      </node>
      <node id="16">
        <label>cola.h</label>
      </node>
      <node id="12">
        <label>pila_max.h</label>
        <link refid="pila__max_8h"/>
        <childnode refid="13" relation="include">
        </childnode>
        <childnode refid="17" relation="include">
        </childnode>
        <childnode refid="14" relation="include">
        </childnode>
        <childnode refid="21" relation="include">
        </childnode>
        <childnode refid="18" relation="include">
        </childnode>
        <childnode refid="22" relation="include">
        </childnode>
      </node>
      <node id="21">
        <label>../src/pila_max.cpp</label>
      </node>
      <node id="18">
        <label>iostream</label>
      </node>
      <node id="17">
        <label>pareja.h</label>
        <link refid="pareja_8h_source"/>
        <childnode refid="18" relation="include">
        </childnode>
        <childnode refid="19" relation="include">
        </childnode>
        <childnode refid="20" relation="include">
        </childnode>
      </node>
      <node id="19">
        <label>../src/pareja.cpp</label>
      </node>
      <node id="22">
        <label>pila_max.h</label>
      </node>
      <node id="13">
        <label>cola.h</label>
        <link refid="cola_8h"/>
        <childnode refid="14" relation="include">
        </childnode>
        <childnode refid="15" relation="include">
        </childnode>
        <childnode refid="16" relation="include">
        </childnode>
      </node>
    </incdepgraph>
    <innerclass refid="classPila__max" prot="public">Pila_max</innerclass>
    <briefdescription>
<para>Fichero cabecera del TDA Pila max. </para>    </briefdescription>
    <detaileddescription>
<para>Gestiona una secuencia de elementos con facilidades para la inserción y borrado de elementos en un extremo. </para>    </detaileddescription>
    <programlisting>
<codeline lineno="1"></codeline>
<codeline lineno="10"><highlight class="preprocessor">#ifndef<sp/>__Pila_max_H__</highlight><highlight class="normal"></highlight></codeline>
<codeline lineno="11"><highlight class="normal"></highlight><highlight class="preprocessor">#define<sp/>__Pila_max_H__</highlight><highlight class="normal"></highlight></codeline>
<codeline lineno="12"><highlight class="normal"></highlight></codeline>
<codeline lineno="13"><highlight class="normal"></highlight><highlight class="preprocessor">#include<sp/>&quot;<ref refid="cola_8h" kindref="compound">cola.h</ref>&quot;</highlight><highlight class="normal"></highlight></codeline>
<codeline lineno="14"><highlight class="normal"></highlight><highlight class="preprocessor">#include<sp/>&quot;pareja.h&quot;</highlight><highlight class="normal"></highlight></codeline>
<codeline lineno="15"><highlight class="normal"></highlight><highlight class="preprocessor">#include<sp/>&lt;cassert&gt;</highlight><highlight class="normal"></highlight></codeline>
<codeline lineno="16"><highlight class="normal"></highlight></codeline>
<codeline lineno="48"><highlight class="keyword">template</highlight><highlight class="normal"><sp/>&lt;</highlight><highlight class="keyword">class</highlight><highlight class="normal"><sp/>T&gt;</highlight></codeline>
<codeline lineno="49" refid="classPila__max" refkind="compound"><highlight class="normal"></highlight><highlight class="keyword">class<sp/></highlight><highlight class="normal"><ref refid="classPila__max" kindref="compound">Pila_max</ref><sp/>{</highlight></codeline>
<codeline lineno="50"><highlight class="normal"></highlight></codeline>
<codeline lineno="51"><highlight class="normal"><sp/><sp/><sp/><sp/></highlight><highlight class="keyword">private</highlight><highlight class="normal">:</highlight></codeline>
<codeline lineno="52"><highlight class="normal"></highlight></codeline>
<codeline lineno="53"><highlight class="normal"><sp/><sp/><sp/><sp/><sp/><sp/><sp/><sp/><ref refid="classCola" kindref="compound">Cola&lt;Pareja&lt;T&gt;</ref>&gt;<sp/>elementos;<sp/><sp/><sp/><sp/><sp/><sp/></highlight></codeline>
<codeline lineno="54"><highlight class="normal"><sp/><sp/><sp/><sp/><sp/><sp/><sp/><sp/>T<sp/>maximo;<sp/><sp/><sp/><sp/><sp/><sp/><sp/><sp/><sp/><sp/><sp/><sp/><sp/><sp/><sp/></highlight></codeline>
<codeline lineno="55"><highlight class="normal"></highlight></codeline>
<codeline lineno="56"><highlight class="normal"><sp/><sp/><sp/><sp/></highlight><highlight class="keyword">public</highlight><highlight class="normal">:</highlight></codeline>
<codeline lineno="57"><highlight class="normal"></highlight></codeline>
<codeline lineno="58"><highlight class="normal"><sp/><sp/><sp/><sp/><sp/><sp/><sp/><sp/></highlight><highlight class="comment">//<sp/>--------------------<sp/>Constructores<sp/>--------------------<sp/>//</highlight></codeline>
<codeline lineno="64" refid="classPila__max_1a2a7e17c656ae00679fd66b2102508f4c" refkind="member"><highlight class="comment"></highlight><highlight class="normal"><sp/><sp/><sp/><sp/><sp/><sp/><sp/><sp/><ref refid="classPila__max_1a2a7e17c656ae00679fd66b2102508f4c" kindref="member">Pila_max</ref>()<sp/>:<sp/>maximo(0)<sp/>{;</highlight></codeline>
<codeline lineno="65"><highlight class="normal"><sp/><sp/><sp/><sp/><sp/><sp/><sp/><sp/>}</highlight></codeline>
<codeline lineno="66"><highlight class="normal"></highlight></codeline>
<codeline lineno="73"><highlight class="normal"><sp/><sp/><sp/><sp/><sp/><sp/><sp/><sp/><ref refid="classPila__max_1a2a7e17c656ae00679fd66b2102508f4c" kindref="member">Pila_max</ref>(<sp/></highlight><highlight class="keyword">const</highlight><highlight class="normal"><sp/><ref refid="classPila__max" kindref="compound">Pila_max</ref><sp/>&amp;<sp/>original<sp/>);</highlight></codeline>
<codeline lineno="74"><highlight class="normal"></highlight></codeline>
<codeline lineno="75"><highlight class="normal"><sp/><sp/><sp/><sp/><sp/><sp/><sp/><sp/></highlight><highlight class="comment">//<sp/>--------------------<sp/>Destructor<sp/>--------------------<sp/>//</highlight></codeline>
<codeline lineno="81" refid="classPila__max_1a860c4516a5d558e4d493b4f051b23980" refkind="member"><highlight class="comment"></highlight><highlight class="normal"><sp/><sp/><sp/><sp/><sp/><sp/><sp/><sp/><ref refid="classPila__max_1a860c4516a5d558e4d493b4f051b23980" kindref="member">~Pila_max</ref>(){}</highlight></codeline>
<codeline lineno="82"><highlight class="normal"></highlight></codeline>
<codeline lineno="83"><highlight class="normal"><sp/><sp/><sp/><sp/><sp/><sp/><sp/><sp/></highlight><highlight class="comment">//<sp/>--------------------<sp/>Funciones<sp/>--------------------<sp/>//</highlight></codeline>
<codeline lineno="90"><highlight class="comment"></highlight><highlight class="normal"><sp/><sp/><sp/><sp/><sp/><sp/><sp/><sp/><ref refid="classPila__max" kindref="compound">Pila_max&lt;T&gt;</ref><sp/>&amp;<sp/><ref refid="classPila__max_1a7763cbb3226873f556605aea90d87b39" kindref="member">operator= </ref>(<sp/></highlight><highlight class="keyword">const</highlight><highlight class="normal"><sp/><ref refid="classPila__max" kindref="compound">Pila_max</ref><sp/>&amp;<sp/>otra<sp/>);</highlight></codeline>
<codeline lineno="91"><highlight class="normal"></highlight></codeline>
<codeline lineno="97"><highlight class="normal"><sp/><sp/><sp/><sp/><sp/><sp/><sp/><sp/></highlight><highlight class="keywordtype">bool</highlight><highlight class="normal"><sp/><ref refid="classPila__max_1af246b3e681de3558be251fe1dff2e5cb" kindref="member">empty</ref>()<sp/></highlight><highlight class="keyword">const</highlight><highlight class="normal">;</highlight></codeline>
<codeline lineno="98"><highlight class="normal"></highlight></codeline>
<codeline lineno="104"><highlight class="normal"><sp/><sp/><sp/><sp/><sp/><sp/><sp/><sp/></highlight><highlight class="keywordtype">int</highlight><highlight class="normal"><sp/><ref refid="classPila__max_1a33bddf30f1ec18e2fb0206787aebba67" kindref="member">size</ref>()<sp/></highlight><highlight class="keyword">const</highlight><highlight class="normal">;</highlight></codeline>
<codeline lineno="105"><highlight class="normal"></highlight></codeline>
<codeline lineno="111"><highlight class="normal"><sp/><sp/><sp/><sp/><sp/><sp/><sp/><sp/><ref refid="structPareja" kindref="compound">Pareja&lt;T&gt;</ref><sp/><ref refid="classPila__max_1a104f7c2eb6f29e5403cadfd5dc97d47e" kindref="member">top</ref>();</highlight></codeline>
<codeline lineno="112"><highlight class="normal"></highlight></codeline>
<codeline lineno="118"><highlight class="normal"><sp/><sp/><sp/><sp/><sp/><sp/><sp/><sp/></highlight><highlight class="keyword">const</highlight><highlight class="normal"><sp/><ref refid="structPareja" kindref="compound">Pareja&lt;T&gt;</ref><sp/>&amp;<sp/><ref refid="classPila__max_1a104f7c2eb6f29e5403cadfd5dc97d47e" kindref="member">top</ref>()<sp/></highlight><highlight class="keyword">const</highlight><highlight class="normal">;</highlight></codeline>
<codeline lineno="119"><highlight class="normal"></highlight></codeline>
<codeline lineno="126"><highlight class="normal"><sp/><sp/><sp/><sp/><sp/><sp/><sp/><sp/></highlight><highlight class="keywordtype">void</highlight><highlight class="normal"><sp/><ref refid="classPila__max_1a5da235d07e21eb93f9da64c29a6eb718" kindref="member">push</ref>(<sp/></highlight><highlight class="keyword">const</highlight><highlight class="normal"><sp/>T<sp/>&amp;<sp/>nuevo<sp/>);</highlight></codeline>
<codeline lineno="127"><highlight class="normal"></highlight></codeline>
<codeline lineno="133"><highlight class="normal"><sp/><sp/><sp/><sp/><sp/><sp/><sp/><sp/></highlight><highlight class="keywordtype">void</highlight><highlight class="normal"><sp/><ref refid="classPila__max_1a57a94fd9fda9114f8cf7d616fc18ab17" kindref="member">pop</ref>();</highlight></codeline>
<codeline lineno="134"><highlight class="normal"></highlight></codeline>
<codeline lineno="135"><highlight class="normal"><sp/><sp/><sp/><sp/><sp/><sp/><sp/><sp/></highlight><highlight class="keyword">template</highlight><highlight class="normal"><sp/>&lt;</highlight><highlight class="keyword">class</highlight><highlight class="normal"><sp/>U&gt;</highlight></codeline>
<codeline lineno="136"><highlight class="normal"><sp/><sp/><sp/><sp/><sp/><sp/><sp/><sp/></highlight><highlight class="keyword">friend</highlight><highlight class="normal"><sp/>ostream<sp/>&amp;<sp/>operator&lt;&lt;<sp/>(<sp/>ostream<sp/>&amp;<sp/>os,<sp/>const<sp/>Pila_max&lt;U&gt;<sp/>&amp;<sp/>p<sp/>);</highlight></codeline>
<codeline lineno="137"><highlight class="normal"></highlight></codeline>
<codeline lineno="138"><highlight class="normal">};</highlight></codeline>
<codeline lineno="139"><highlight class="normal"></highlight></codeline>
<codeline lineno="140"><highlight class="normal"></highlight><highlight class="preprocessor">#include<sp/>&quot;../src/pila_max.cpp&quot;</highlight><highlight class="normal"></highlight></codeline>
<codeline lineno="141"><highlight class="normal"></highlight></codeline>
<codeline lineno="142"><highlight class="normal"></highlight><highlight class="preprocessor">#endif<sp/>//<sp/>__Pila_max_H__</highlight></codeline>
    </programlisting>
    <location file="pila_max.h"/>
  </compounddef>
</doxygen>
